{
  "id": "repl0",
  "members": [
    {
      "procParams": {
        "ipv6": true,
        "nohttpinterface": true,
        "journal": true,
        "noprealloc": true,
        "nssize": 1,
        "port": 27017,
        "smallfiles": true
      },
      "rsParams": {
        "tags": {
          "ordinal": "one",
          "dc": "ny"
        }
      }
    },
    {
      "procParams": {
        "ipv6": true,
        "nohttpinterface": true,
        "journal": true,
        "noprealloc": true,
        "nssize": 1,
        "port": 27018,
        "smallfiles": true
      },
      "rsParams": {
        "tags": {
          "ordinal": "two",
          "dc": "pa"
        }
      }
    },
    {
      "procParams": {
        "ipv6": true,
        "nohttpinterface": true,
        "journal": true,
        "noprealloc": true,
        "nssize": 1,
        "port": 27019,
        "smallfiles": true
      },
      "rsParams": {
        "arbiterOnly": true
      }
    }
  ]
}
