{
  "id": "shard_cluster_1",
  "login": "bob",
  "password": "pwd123",
  "auth_key": "secret",
  "configsvrs": [
    {
      "port": 27117
    },
    {
      "port": 27118
    },
    {
      "port": 27119
    }
  ],
  "shards": [
    {
      "id": "sh01",
      "shardParams": {
        "procParams": {
          "port": 27217
        }
      }
    },
    {
      "id": "sh02",
      "shardParams": {
        "procParams": {
          "port": 27218
        }
      }
    }
  ],
  "routers": [
    {
      "port": 27017
    },
    {
      "port": 27018
    }
  ]
}
